use BMS;

-- 插入图书信息
INSERT INTO books (bookisbn, bookname, bookauthor, bookpress, bookprice, bookcount, bookintro, booktheme)
VALUES
(1111, '计算机科学导论', 'PeterWegner', '清华大学出版社', 45.99, 30, '介绍计算机科学的基本概念和原理。', '计算机科学'),
(2222, '深入理解计算机系统', 'Randal E. Bryant', '人民邮电出版社', 55.50, 25, '深入剖析计算机系统的内部工作原理。', '计算机系统'),
(3333, '算法导论', 'Thomas', '机械工业出版社', 38.80, 20, '全面介绍算法设计和分析的经典教材。', '算法'),
(4444, '数据库系统概念', 'Abraham', '电子工业出版社', 68.00, 18, '数据库系统的理论和实践知识。', '数据库'),
(5555, '人月神话', 'Frederick ', '清华大学出版社', 28.50, 15, '软件工程经典之一，讨论软件项目管理的各个方面。', '软件工程'),
(6666, '设计模式', 'Erich Gamma', '机械工业出版社', 45.00, 22, '介绍常用的设计模式，帮助构建可维护和灵活的软件。', '软件设计'),
(7777, '计算机网络', 'Andrew', '清华大学出版社', 58.00, 28, '深入研究计算机网络的基本原理和协议。', '计算机网络'),
(8888, '操作系统概念', 'Abraham', '机械工业出版社', 49.50, 21, '涵盖操作系统基本概念和实际应用的经典教材。', '操作系统'),
(9999, '人工智能：一种现代方法', 'Stuart Russell', '清华大学出版社', 75.00, 18, '介绍人工智能的基本概念和方法。', '人工智能'),
(1010, '实践者的研究方法', 'Roger', '电子工业出版社', 62.00, 20, '软件工程实践和研究的综合指南。', '软件工程');

-- 插入用户信息
INSERT INTO users (userid, username, usergender, usertel)
VALUES
(101, 'User1', 'M', 123456789),
(102, 'User2', 'F', 987654321),
(103, 'User3', 'M', 111122223)




-- 插入管理员信息
INSERT INTO adminusers (adminid,adminpwd, adminname, admingender, admintel)
VALUES
(101,'101','admin0','M',1111111111),
(201,'admin', 'Admin1', 'M', 555555555),
(202,'admin', 'Admin2', 'F', 666666666),
(203,'admin', 'Admin3', 'M', 777777777)


-- 插入借阅记录信息
INSERT INTO record (userid, bookisbn, timestart)
VALUES
(101, 1111, '2024-01-02'),
(102, 2222, '2023-12-15'),
(103, 3333, '2024-01-05'),
(101, 4444, '2024-01-10'),


-- 添加额外的书籍数据
INSERT INTO books (bookisbn, bookname, bookauthor, bookpress, bookprice, bookcount, bookintro, booktheme)
VALUES
(1212, '编程之美', 'Jason', '电子工业出版社', 42.00, 15, '分享编程中的优雅和巧妙的设计思路。', '编程艺术'),
(1313, '数据结构与算法分析', 'Mark Allen Weiss', '机械工业出版社', 59.80, 25, '深入探讨数据结构与算法分析的实用教材。', '数据结构'),
(1414, '计算机图形学', 'Donald Hearn', '人民邮电出版社', 75.50, 20, '介绍计算机图形学的基本理论和实践技术。', '计算机图形学'),
(1515, '软件工程导论', 'Ian Sommerville', '清华大学出版社', 48.00, 18, '软件工程概念、原理和实践的入门教程。', '软件工程'),
(1616, '网络安全与密码学', 'William Stallings', '电子工业出版社', 63.50, 22, '深入研究网络安全和密码学的高级教材。', '网络安全'),
(1717, '计算机体系结构', 'John L. Hennessy', '机械工业出版社', 68.80, 20, '探讨计算机体系结构和并行处理的经典著作。', '计算机体系结构'),
(1818, '软件工程：实践者的研究方法', 'Roger Pressman', '清华大学出版社', 55.00, 16, '软件工程实践和研究的进阶指南。', '软件工程'),
(1919, '数据库设计与实现', 'Edward Sciore', '电子工业出版社', 47.20, 28, '数据库设计和实现的实用教材。', '数据库'),
(2020, '计算机组成与设计', 'David A. Patterson', '机械工业出版社', 72.00, 23, '深入了解计算机组成和硬件设计的教材。', '计算机组成'),
(2121, '离散数学', 'Kenneth H. Rosen', '人民邮电出版社', 48.50, 20, '离散数学基础知识的入门教程。', '离散数学'),
(2299, '计算理论导引', 'Michael Sipser', '机械工业出版社', 58.20, 18, '深入了解计算理论基础的实践教材。', '计算理论'),
(2323, '操作系统导论', 'Avi Silberschatz', '电子工业出版社', 56.80, 22, '操作系统基础概念和设计原理的导论。', '操作系统'),
(2424, '软件测试与验证', 'Daniel Graham', '清华大学出版社', 53.00, 15, '软件测试和验证的实用指南。', '软件测试'),
(2525, '计算机算法导论', 'Thomas H. Cormen', '机械工业出版社', 65.50, 25, '算法设计和分析的高级教材。', '算法'),
(2626, '计算机网络安全', 'Behrouz Forouzan', '人民邮电出版社', 72.80, 18, '深入研究计算机网络安全的实践教程。', '网络安全'),
(2727, '软件工程案例研究', 'Roger S. Pressman', '电子工业出版社', 55.50, 16, '软件工程案例研究和实践经验分享。', '软件工程'),
(2828, '机器学习导论', 'Ethem Alpaydin', '清华大学出版社', 68.50, 20, '机器学习基础概念和算法的入门教程。', '机器学习'),
(2929, '人机交互设计', 'Alan Cooper', '机械工业出版社', 47.00, 28, '人机交互设计原理和实践指南。', '人机交互'),
(3030, '软件架构设计', 'Martin Fowler', '电子工业出版社', 75.00, 23, '软件架构设计原理和最佳实践。', '软件架构'),;



INSERT INTO books (bookisbn, bookname, bookauthor, bookpress, bookprice, bookcount, bookintro, booktheme)
VALUES
(3131, '人工智能导论', 'Stuart Russell', '机械工业出版社', 66.00, 19, '人工智能理论和应用的综合教材。', '人工智能'),
(3232, '计算机网络', 'Andrew S. Tanenbaum', '电子工业出版社', 59.00, 17, '计算机网络基础知识和协议的详细介绍。', '计算机网络'),
(3339, '现代操作系统', 'Andrew S. Tanenbaum', '清华大学出版社', 70.00, 12, '操作系统设计和实现的现代视角。', '操作系统'),
(3434, '编译原理', 'Alfred V. Aho', '人民邮电出版社', 62.00, 15, '编译器设计和构造的经典教材。', '编译技术'),
(3535, '计算机程序设计艺术', 'Donald E. Knuth', '机械工业出版社', 80.00, 20, '计算机编程和算法的权威著作。', '编程艺术'),
(3636, '计算机视觉', 'Richard Szeliski', '电子工业出版社', 77.00, 18, '计算机视觉理论和实践的全面指南。', '计算机视觉'),
(3737, '深入理解计算机系统', 'Randal E. Bryant', '清华大学出版社', 69.00, 22, '计算机系统结构和编程的深入分析。', '计算机系统'),
(3838, '算法导论', 'Thomas H. Cormen', '人民邮电出版社', 66.50, 25, '算法设计和分析的权威教材。', '算法'),
(3939, '计算机网络安全基础', 'William Stallings', '机械工业出版社', 58.00, 20, '计算机网络安全的基础知识和技术。', '网络安全'),
(4040, '数字图像处理', 'Rafael C. Gonzalez', '电子工业出版社', 76.00, 16, '数字图像处理技术和应用的详细介绍。', '图像处理'),
(4141, '数据库系统概念', 'Abraham Silberschatz', '清华大学出版社', 54.00, 21, '数据库系统设计和实现的基础教材。', '数据库'),
(4242, '计算机组织与体系结构', 'William Stallings', '人民邮电出版社', 65.00, 19, '计算机硬件组织和体系结构的详细讲解。', '计算机体系结构'),
(4343, '软件项目管理', 'Bob Hughes', '机械工业出版社', 50.00, 14, '软件项目管理的方法和实践。', '软件工程'),
(4449, '计算机安全基础', 'Charles P. Pfleeger', '电子工业出版社', 60.00, 23, '计算机安全概念和技术的基础教材。', '计算机安全'),
(4545, '计算机算法', 'Sara Baase', '清华大学出版社', 67.00, 18, '计算机算法设计和分析的实用指南。', '算法'),
(4646, '计算机网络：自顶向下方法', 'James F. Kurose', '人民邮电出版社', 58.00, 22, '计算机网络的自顶向下教学方法。', '计算机网络'),
(4747, '操作系统概念', 'Abraham Silberschatz', '机械工业出版社', 55.00, 20, '操作系统的基本概念和设计原理。', '操作系统'),
(4848, '计算机程序的构造和解释', 'Harold Abelson', '电子工业出版社', 62.00, 15, '计算机程序设计的基本原理和方法。', '编程艺术'),
(4949, '计算机网络安全技术', 'Charlie Kaufman', '清华大学出版社', 64.00, 17, '计算机网络安全的技术和策略。', '网络安全'),
(5050, '计算机图形学原理', 'James D. Foley', '人民邮电出版社', 78.00, 19, '计算机图形学的原理和应用。', '计算机图形学'),
(5151, '软件工程实践', 'Roger S. Pressman', '机械工业出版社', 53.00, 16, '软件工程的实践方法和案例研究。', '软件工程'),
(5252, '计算机组成原理', 'David A. Patterson', '电子工业出版社', 71.00, 21, '计算机组成和设计的基本原理。', '计算机组成'),
(5353, '离散数学及其应用', 'Kenneth H. Rosen', '清华大学出版社', 49.00, 24, '离散数学的基础知识和应用。', '离散数学'),
(5454, '计算理论基础', 'Michael Sipser', '人民邮电出版社', 59.00, 20, '计算理论的基本概念和方法。', '计算理论'),
(5558, '操作系统精髓与设计原理', 'William Stallings', '机械工业出版社', 57.00, 18, '操作系统设计原理的深入探讨。', '操作系统'),
(5656, '软件测试艺术', 'Glenford J. Myers', '电子工业出版社', 52.00, 15, '软件测试方法和技术的详细介绍。', '软件测试'),
(5757, '计算机算法设计与分析', 'Thomas H. Cormen', '清华大学出版社', 68.00, 22, '算法设计和分析的深入讲解。', '算法'),
(5858, '计算机网络安全基本原理', 'Behrouz Forouzan', '人民邮电出版社', 73.00, 19, '计算机网络安全的基本原理和实践。', '网络安全'),
(5959, '软件工程基础', 'Ian Sommerville', '机械工业出版社', 56.00, 17, '软件工程的基础知识和实践。', '软件工程'),
(6060, '机器学习基础', 'Ethem Alpaydin', '电子工业出版社', 69.00, 21, '机器学习的基础知识和算法。', '机器学习'),
(6161, '人机交互基础', 'Alan Cooper', '清华大学出版社', 48.00, 25, '人机交互设计的基础知识和方法。', '人机交互'),
(6262, '软件架构基础', 'Martin Fowler', '人民邮电出版社', 74.00, 20, '软件架构设计的基础原理和实践。', '软件架构');



INSERT INTO users (userid, userpwd, username, usergender, usertel)
VALUES
(1001, 'password1', 'Alice', 'F', 1234567891),
(1002, 'password2', 'Bob', 'M', 1234567892),
(1003, 'password3', 'Charlie', 'M', 1234567893),
(1004, 'password4', 'David', 'M', 1234567894),
(1005, 'password5', 'Eva', 'F', 1234567895),
(1006, 'password6', 'Frank', 'M', 1234567896),
(1007, 'password7', 'Grace', 'F', 1234567897),
(1008, 'password8', 'Henry', 'M', 1234567898),
(1009, 'password9', 'Ivy', 'F', 1234567899),
(1010, 'password10', 'Jack', 'M', 1234567890),
(1059, 'password11', 'Katie', 'F', 1234567811),
(1012, 'password12', 'Leo', 'M', 1234567812),
(1013, 'password13', 'Mia', 'F', 1234567813),
(1014, 'password14', 'Nathan', 'M', 1234567814),
(1015, 'password15', 'Olivia', 'F', 1234567815),
(1016, 'password16', 'Paul', 'M', 1234567816),
(1017, 'password17', 'Quinn', 'F', 1234567817),
(1018, 'password18', 'Ryan', 'M', 1234567818),
(1019, 'password19', 'Samantha', 'F', 1234567819),
(1020, 'password20', 'Tyler', 'M', 1234567820),
(1021, 'password21', 'Vivian', 'F', 1234567821),
(1022, 'password22', 'Walter', 'M', 1234567822),
(1023, 'password23', 'Xena', 'F', 1234567823),
(1024, 'password24', 'Yasmine', 'F', 1234567824),
(1025, 'password25', 'Zachary', 'M', 1234567825),
(1026, 'password26', 'Alice2', 'F', 1234567826),
(1027, 'password27', 'Bob2', 'M', 1234567827),
(1028, 'password28', 'Charlie2', 'M', 1234567828),
(1029, 'password29', 'David2', 'M', 1234567829),
(1030, 'password30', 'Eva2', 'F', 1234567830),
(1031, 'password31', 'Frank2', 'M', 1234567831),
(1032, 'password32', 'Grace2', 'F', 1234567832),
(1033, 'password33', 'Henry2', 'M', 1234567833),
(1034, 'password34', 'Ivy2', 'F', 1234567834),
(1035, 'password35', 'Jack2', 'M', 1234567835),
(1036, 'password36', 'Katie2', 'F', 1234567836),
(1037, 'password37', 'Leo2', 'M', 1234567837),
(1038, 'password38', 'Mia2', 'F', 1234567838),
(1039, 'password39', 'Nathan2', 'M', 1234567839),
(1040, 'password40', 'Olivia2', 'F', 1234567840)
;


-- 添加借阅记录
INSERT INTO record (userid, bookisbn, timestart)
VALUES
(1001, 1111, '2024-01-05'),
(1002, 2222, '2024-01-06'),
(1003, 3333, '2024-01-07'),
(1004, 4444, '2024-01-08'),
(1005, 5555, '2024-01-09'),
(1006, 6666, '2024-01-10'),
(1007, 7777, '2024-01-11'),
(1008, 8888, '2024-01-12'),
(1009, 9999, '2024-01-13'),
(1010, 1010, '2024-01-14'),
(1011, 1212, '2024-01-15'),
(1012, 1313, '2024-01-16'),
(1013, 1414, '2024-01-17'),
(1014, 1515, '2024-01-18'),
(1015, 1616, '2024-01-19'),
(1017, 1818, '2024-01-21'),
(1018, 1919, '2024-01-22'),
(1019, 2020, '2024-01-23'),
(1020, 2121, '2024-01-24');
-- 添加借阅记录（第二轮）
INSERT INTO record (userid, bookisbn, timestart)
VALUES
(1021, 1212, '2024-02-05'),
(1022, 1313, '2024-02-06'),
(1023, 1414, '2024-02-07'),
(1024, 1515, '2024-02-08'),
(1025, 1616, '2024-02-09'),
(1026, 1717, '2024-02-10'),
(1027, 1818, '2024-02-11'),
(1028, 1919, '2024-02-12'),
(1029, 2020, '2024-02-13'),
(1030, 2121, '2024-02-14'),
(1031, 1212, '2024-02-15'),
(1032, 1313, '2024-02-16'),
(1033, 1414, '2024-02-17'),
(1034, 1515, '2024-02-18'),
(1035, 1616, '2024-02-19'),
(1036, 1717, '2024-02-20'),
(1037, 1818, '2024-02-21'),
(1038, 1919, '2024-02-22'),
(1039, 2020, '2024-02-23'),
(1040, 2121, '2024-02-24');
-- 添加借阅记录（第三轮）
INSERT INTO record (userid, bookisbn, timestart)
VALUES
(1001, 1212, '2024-03-05'),
(1002, 1212, '2024-03-06'),
(1003, 1212, '2024-03-07'),
(1004, 1313, '2024-03-08'),
(1005, 1313, '2024-03-09'),
(1006, 1313, '2024-03-10'),
(1007, 1414, '2024-03-11'),
(1008, 1414, '2024-03-12'),
(1009, 1414, '2024-03-13'),
(1010, 1515, '2024-03-14'),
(1059, 1515, '2024-03-15'),
(1012, 1515, '2024-03-16'),
(1013, 1616, '2024-03-17'),
(1014, 1616, '2024-03-18'),
(1016, 1717, '2024-03-20'),
(1017, 1717, '2024-03-21'),
(1018, 1717, '2024-03-22'),
(1019, 1818, '2024-03-23'),
(1020, 1818, '2024-03-24');
delete from record;





-- INSERT INTO record (userid, bookisbn, timestart)
-- VALUES
-- --(1001, 1111, '2024-01-05'),
-- (1002, 2222, '2024-01-06'),
-- (1003, 3333, '2024-01-07'),
-- (1004, 4444, '2024-01-08'),
-- (1005, 5555, '2024-01-09'),
-- (1006, 6666, '2024-01-10'),
-- (1007, 7777, '2024-01-11'),
-- (1008, 8888, '2024-01-12'),
-- (1009, 9999, '2024-01-13'),
-- (1010, 1010, '2024-01-14'),
-- (1011, 1212, '2024-01-15'),
-- (1012, 1313, '2024-01-16'),
-- (1013, 1414, '2024-01-17'),
-- (1014, 1515, '2024-01-18'),
-- (1015, 1616, '2024-01-19'),
-- (1017, 1818, '2024-01-21'),
-- (1018, 1919, '2024-01-22'),
-- (1019, 2020, '2024-01-23'),
-- (1020, 2121, '2024-01-24'),
-- (1021, 1212, '2024-02-05'),
-- (1022, 1313, '2024-02-06'),
-- (1023, 1414, '2024-02-07'),
-- (1024, 1515, '2024-02-08'),
-- (1025, 1616, '2024-02-09'),
-- (1026, 1717, '2024-02-10'),
-- (1027, 1818, '2024-02-11'),
-- (1028, 1919, '2024-02-12'),
-- (1029, 2020, '2024-02-13'),
-- (1030, 2121, '2024-02-14'),
-- (1031, 1212, '2024-02-15'),
-- (1032, 1313, '2024-02-16'),
-- (1033, 1414, '2024-02-17'),
-- (1034, 1515, '2024-02-18'),
-- (1035, 1616, '2024-02-19'),
-- (1036, 1717, '2024-02-20'),
-- (1037, 1818, '2024-02-21'),
-- (1038, 1919, '2024-02-22'),
-- (1039, 2020, '2024-02-23'),
-- (1040, 2121, '2024-02-24'),
-- (1001, 1212, '2024-03-05'),
-- (1002, 1212, '2024-03-06'),
-- (1003, 1212, '2024-03-07'),
-- (1004, 1313, '2024-03-08'),
-- (1005, 1313, '2024-03-09'),
-- (1006, 1313, '2024-03-10'),
-- (1007, 1414, '2024-03-11'),
-- (1008, 1414, '2024-03-12'),
-- (1009, 1414, '2024-03-13'),
-- (1010, 1515, '2024-03-14'),
-- (1059, 1515, '2024-03-15'),
-- (1012, 1515, '2024-03-16'),
-- (1013, 1616, '2024-03-17'),
-- (1014, 1616, '2024-03-18'),
-- (1016, 1717, '2024-03-20'),
-- (1017, 1717, '2024-03-21'),
-- (1018, 1717, '2024-03-22'),
-- (1019, 1818, '2024-03-23'),
-- (1020, 1818, '2024-03-24');